## Языки программирования и пользовательские типы данных
Создаем таблицу с продажами
```
sales=# CREATE TABLE sales (
    itemno INT,
    price INT,
    quantity INT,
    sale_date DATE
);
CREATE TABLE
Time: 3.097 ms
```
Вставляем 10 значений
```
sales=# INSERT INTO sales (itemno, price, quantity, sale_date) VALUES
(307, 61, 7, '2024-02-26'),
(313, 223, 6, '2024-05-09'),
(218, 205, 5, '2024-09-27'),
(303, 131, 5, '2024-03-01'),
(297, 316, 9, '2024-05-21'),
(254, 359, 5, '2023-11-19'),
(334, 196, 5, '2024-04-17'),
(173, 283, 10, '2024-10-09'),
(249, 224, 3, '2024-05-03'),
(479, 55, 14, '2023-12-13')
;
```
Напишем функцию на основе CASE
```
CREATE FUNCTION get_year_third(sale_date DATE) RETURNS INTEGER AS $$
BEGIN
    RETURN CASE 
        WHEN EXTRACT(MONTH FROM sale_date) BETWEEN 1 AND 4 THEN 1
        WHEN EXTRACT(MONTH FROM sale_date) BETWEEN 5 AND 8 THEN 2
        ELSE 3
    END;
END;
$$ LANGUAGE plpgsql;
```
Проверим для значений 2024-06-15 и NULL

```
sales=# SELECT get_year_third('2024-06-15');
 get_year_third
----------------
              2
(1 row)

sales=# SELECT get_year_third(NULL);
 get_year_third
----------------
              3
(1 row)
```
Видим некорректное поведение для NULL

Обработаем такое поведение
```
CREATE OR REPLACE FUNCTION get_year_third(sale_date DATE) RETURNS INTEGER AS $$
BEGIN
    RETURN CASE 
        WHEN sale_date IS NULL THEN NULL
        WHEN EXTRACT(MONTH FROM sale_date) BETWEEN 1 AND 4 THEN 1
        WHEN EXTRACT(MONTH FROM sale_date) BETWEEN 5 AND 8 THEN 2
        ELSE 3
    END;
END;
$$ LANGUAGE plpgsql;
```
Проверим NULL
```
sales=# SELECT get_year_third(NULL);
 get_year_third
----------------

(1 row)
```
Теперь вызываем эту функцию в SELECT из таблицы с продажами, уведиться, что всё отработало
```
WHERE get_year_third(sale_date) = 1;
 itemno | price | quantity | sale_date
--------+-------+----------+------------
    307 |    61 |        7 | 2024-02-26
    303 |   131 |        5 | 2024-03-01
    334 |   196 |        5 | 2024-04-17
(3 rows)

Time: 1.353 ms
sales=# SELECT *
FROM sales
WHERE get_year_third(sale_date) = 2;
 itemno | price | quantity | sale_date
--------+-------+----------+------------
    313 |   223 |        6 | 2024-05-09
    297 |   316 |        9 | 2024-05-21
    249 |   224 |        3 | 2024-05-03
(3 rows)

Time: 0.388 ms
sales=# SELECT *
FROM sales
WHERE get_year_third(sale_date) = 3;
 itemno | price | quantity | sale_date
--------+-------+----------+------------
    218 |   205 |        5 | 2024-09-27
    254 |   359 |        5 | 2023-11-19
    173 |   283 |       10 | 2024-10-09
    479 |    55 |       14 | 2023-12-13
(4 rows)

Time: 0.329 ms
```